feature,n,mean,median,std,min,max,skew,n_outliers,outlier_pct
culmen_length_mm,342,43.9219298245614,44.45,5.459583713926532,32.1,59.6,0.05311806699132413,0,0.0
culmen_depth_mm,342,17.151169590643278,17.3,1.9747931568167816,13.1,21.5,-0.14346462519436995,0,0.0
flipper_length_mm,342,200.91520467836258,197.0,14.061713679356894,172.0,231.0,0.3456818328687696,0,0.0
body_mass_g,342,4201.754385964912,4050.0,801.9545356980954,2700.0,6300.0,0.4703293304801231,0,0.0
